,importance
uniq_sport_in,0.11304921419719165
n_out,0.11182127317863637
sport_entropy_in,0.10211684748438296
udp_ratio_in,0.0985805504521289
synack_ratio_out,0.0846743784723621
rst_ratio_in,0.0679529643546433
syn_ratio_in,0.06057466570374491
n_in,0.05023311934176025
bytes_in,0.04802857360451563
out_in_ratio,0.04478684921642051
icmp_ratio_in,0.038010847517092224
uniq_dport_in,0.03745231416749627
tcp_ratio_in,0.03449029547593294
bytes_out,0.029391949143778167
ack_ratio_in,0.01630193380360445
std_size_in,0.01491745309426822
iat_std_in,0.01490944993288427
max_size_in,0.00813880264612361
iat_mean_in,0.006627618364243606
min_size_in,0.004707897050079655
mean_size_in,0.004482466438816971
mean_payload_in,0.003925979731362635
psh_ratio_in,0.0035352010081183935
fin_ratio_in,0.0012893556204120436
rst_ratio_out,0.0
dport_entropy_in,0.0
