seed,block,minutes,benign,attack,static FP %,static detection %,adaptive FP %,adaptive detection %,static_sup FP %,static_sup detection %,adaptive_sup FP %,adaptive_sup detection %
0,0,0,83,0,3.61,,3.61,,3.61,,3.61,
0,1,10,89,0,4.49,,1.12,,4.49,,1.12,
0,2,20,114,0,2.63,,0.0,,2.63,,0.0,
0,3,30,98,0,3.06,,0.0,,3.06,,0.0,
0,4,40,105,0,3.81,,0.0,,3.81,,0.0,
0,5,50,93,0,1.08,,0.0,,1.08,,0.0,
0,6,60,108,0,2.78,,0.0,,2.78,,0.0,
0,7,70,124,0,3.23,,0.0,,3.23,,0.0,
0,8,80,133,0,2.26,,0.0,,2.26,,0.0,
0,9,90,80,0,3.75,,0.0,,3.75,,0.0,
0,10,100,90,0,4.44,,0.0,,4.44,,0.0,
0,11,110,81,0,3.7,,0.0,,3.7,,0.0,
0,12,120,109,0,2.75,,0.0,,2.75,,0.0,
0,13,130,122,0,3.28,,0.0,,3.28,,0.0,
0,14,140,125,0,2.4,,0.0,,2.4,,0.0,
0,15,150,99,0,3.03,,0.0,,3.03,,0.0,
0,16,160,120,0,3.33,,0.0,,3.33,,0.0,
0,17,170,110,0,2.73,,0.0,,2.73,,0.0,
0,18,180,126,0,2.38,,0.0,,2.38,,0.0,
0,19,190,121,0,3.31,,0.0,,3.31,,0.0,
0,20,200,126,0,2.38,,0.0,,2.38,,0.0,
0,21,210,79,0,3.8,,0.0,,3.8,,0.0,
0,22,220,76,0,5.26,,0.0,,5.26,,0.0,
0,23,230,80,0,2.5,,0.0,,2.5,,0.0,
0,24,240,119,0,2.52,,0.0,,2.52,,0.0,
0,25,250,129,0,3.1,,0.0,,3.1,,0.0,
0,26,260,110,0,1.82,,0.0,,1.82,,0.0,
0,27,270,127,0,1.57,,0.0,,1.57,,0.0,
0,28,280,134,0,1.49,,0.0,,1.49,,0.0,
0,29,290,138,0,1.45,,0.0,,1.45,,0.0,
0,30,300,125,0,1.6,,0.0,,1.6,,0.0,
0,31,310,148,0,2.7,,0.0,,2.7,,0.0,
0,32,320,142,0,2.11,,0.0,,2.11,,0.0,
0,33,330,114,0,2.63,,0.0,,2.63,,0.0,
0,34,340,141,0,2.84,,0.0,,2.84,,0.0,
0,35,350,127,0,2.36,,0.0,,2.36,,0.0,
0,36,360,94,0,3.19,,0.0,,3.19,,0.0,
0,37,370,120,0,3.33,,0.0,,3.33,,0.0,
0,38,380,127,190,3.15,97.89,0.79,97.89,2.36,38.95,0.0,22.63
0,39,390,108,546,2.78,94.87,0.0,94.87,2.78,35.53,0.0,92.31
0,40,400,128,350,3.12,98.57,0.0,98.57,3.12,37.71,0.0,98.29
0,41,410,131,0,2.29,,0.0,,2.29,,0.0,
0,42,420,37,0,8.11,,0.0,,8.11,,0.0,
0,43,430,47,0,8.51,,0.0,,8.51,,0.0,
0,44,440,21,0,14.29,,0.0,,14.29,,0.0,
0,45,450,28,0,3.57,,0.0,,3.57,,0.0,
1,0,0,83,0,4.82,,4.82,,4.82,,4.82,
1,1,10,89,0,10.11,,1.12,,10.11,,1.12,
1,2,20,114,0,7.02,,0.0,,7.02,,0.0,
1,3,30,98,0,5.1,,0.0,,5.1,,0.0,
1,4,40,105,0,6.67,,0.0,,6.67,,0.0,
1,5,50,93,0,6.45,,0.0,,6.45,,0.0,
1,6,60,108,0,7.41,,0.0,,7.41,,0.0,
1,7,70,124,0,8.06,,0.0,,8.06,,0.0,
1,8,80,133,0,8.27,,0.0,,8.27,,0.0,
1,9,90,80,0,2.5,,0.0,,2.5,,0.0,
1,10,100,90,0,4.44,,0.0,,4.44,,0.0,
1,11,110,81,0,7.41,,0.0,,7.41,,0.0,
1,12,120,109,0,4.59,,0.0,,4.59,,0.0,
1,13,130,122,0,6.56,,0.0,,6.56,,0.0,
1,14,140,125,0,7.2,,0.0,,7.2,,0.0,
1,15,150,99,0,6.06,,0.0,,6.06,,0.0,
1,16,160,120,0,7.5,,0.0,,7.5,,0.0,
1,17,170,110,0,7.27,,0.0,,7.27,,0.0,
1,18,180,126,0,7.14,,0.0,,7.14,,0.0,
1,19,190,121,0,8.26,,0.0,,8.26,,0.0,
1,20,200,126,0,9.52,,0.0,,9.52,,0.0,
1,21,210,79,0,1.27,,0.0,,1.27,,0.0,
1,22,220,76,0,3.95,,0.0,,3.95,,0.0,
1,23,230,80,0,2.5,,0.0,,2.5,,0.0,
1,24,240,119,0,8.4,,0.0,,8.4,,0.0,
1,25,250,129,0,7.75,,0.0,,7.75,,0.0,
1,26,260,110,0,8.18,,0.0,,8.18,,0.0,
1,27,270,127,0,5.51,,0.0,,5.51,,0.0,
1,28,280,134,0,7.46,,0.0,,7.46,,0.0,
1,29,290,138,0,8.7,,0.0,,8.7,,0.0,
1,30,300,125,0,4.8,,0.0,,4.8,,0.0,
1,31,310,148,0,7.43,,0.0,,7.43,,0.0,
1,32,320,142,0,7.75,,0.0,,7.75,,0.0,
1,33,330,114,0,6.14,,0.0,,6.14,,0.0,
1,34,340,141,0,7.09,,0.0,,7.09,,0.0,
1,35,350,127,0,7.09,,0.0,,7.09,,0.0,
1,36,360,94,0,3.19,,0.0,,3.19,,0.0,
1,37,370,120,0,8.33,,0.0,,8.33,,0.0,
1,38,380,127,190,11.02,97.89,0.79,97.89,10.24,85.79,0.0,25.26
1,39,390,108,546,6.48,96.15,0.0,95.6,6.48,82.6,0.0,93.96
1,40,400,128,350,7.81,98.86,0.0,98.57,7.81,86.29,0.0,98.29
1,41,410,131,0,9.16,,0.0,,9.16,,0.0,
1,42,420,37,0,2.7,,0.0,,2.7,,0.0,
1,43,430,47,0,6.38,,0.0,,6.38,,0.0,
1,44,440,21,0,0.0,,0.0,,0.0,,0.0,
1,45,450,28,0,7.14,,0.0,,7.14,,0.0,
2,0,0,83,0,0.0,,0.0,,0.0,,0.0,
2,1,10,89,0,4.49,,1.12,,4.49,,1.12,
2,2,20,114,0,1.75,,0.0,,1.75,,0.0,
2,3,30,98,0,1.02,,0.0,,1.02,,0.0,
2,4,40,105,0,1.9,,0.0,,1.9,,0.0,
2,5,50,93,0,2.15,,0.0,,2.15,,0.0,
2,6,60,108,0,1.85,,0.0,,1.85,,0.0,
2,7,70,124,0,1.61,,0.0,,1.61,,0.0,
2,8,80,133,0,1.5,,0.0,,1.5,,0.0,
2,9,90,80,0,0.0,,0.0,,0.0,,0.0,
2,10,100,90,0,2.22,,0.0,,2.22,,0.0,
2,11,110,81,0,4.94,,0.0,,4.94,,0.0,
2,12,120,109,0,0.0,,0.0,,0.0,,0.0,
2,13,130,122,0,0.82,,0.0,,0.82,,0.0,
2,14,140,125,0,1.6,,0.0,,1.6,,0.0,
2,15,150,99,0,2.02,,0.0,,2.02,,0.0,
2,16,160,120,0,1.67,,0.0,,1.67,,0.0,
2,17,170,110,0,1.82,,0.0,,1.82,,0.0,
2,18,180,126,0,0.0,,0.0,,0.0,,0.0,
2,19,190,121,0,1.65,,0.0,,1.65,,0.0,
2,20,200,126,0,3.17,,0.0,,3.17,,0.0,
2,21,210,79,0,0.0,,0.0,,0.0,,0.0,
2,22,220,76,0,2.63,,0.0,,2.63,,0.0,
2,23,230,80,0,2.5,,0.0,,2.5,,0.0,
2,24,240,119,0,1.68,,0.0,,1.68,,0.0,
2,25,250,129,0,1.55,,0.0,,1.55,,0.0,
2,26,260,110,0,1.82,,0.0,,1.82,,0.0,
2,27,270,127,0,0.0,,0.0,,0.0,,0.0,
2,28,280,134,0,1.49,,0.0,,1.49,,0.0,
2,29,290,138,0,2.9,,0.0,,2.9,,0.0,
2,30,300,125,0,0.0,,0.0,,0.0,,0.0,
2,31,310,148,0,1.35,,0.0,,1.35,,0.0,
2,32,320,142,0,1.41,,0.0,,1.41,,0.0,
2,33,330,114,0,1.75,,0.0,,1.75,,0.0,
2,34,340,141,0,1.42,,0.0,,1.42,,0.0,
2,35,350,127,0,1.57,,0.0,,1.57,,0.0,
2,36,360,94,0,0.0,,0.0,,0.0,,0.0,
2,37,370,120,0,1.67,,0.0,,1.67,,0.0,
2,38,380,127,190,4.72,97.89,0.79,97.89,3.94,78.95,0.0,88.42
2,39,390,108,546,0.0,94.87,0.0,95.05,0.0,74.54,0.0,94.69
2,40,400,128,350,1.56,98.86,0.0,98.57,1.56,80.57,0.0,98.29
2,41,410,131,0,1.53,,0.0,,1.53,,0.0,
2,42,420,37,0,0.0,,0.0,,0.0,,0.0,
2,43,430,47,0,4.26,,0.0,,4.26,,0.0,
2,44,440,21,0,0.0,,0.0,,0.0,,0.0,
2,45,450,28,0,0.0,,0.0,,0.0,,0.0,
